{"cameraMode":{"drawMode":0,"name":"Shaded","section":"Shading Mode"},"sceneLighting":true,"audioPlay":false,"sceneViewState":{"showFog":true,"showMaterialUpdate":false,"showSkybox":true,"showFlares":true,"showImageEffects":true,"showParticleSystems":true},"in2DMode":false,"pivot":{"x":-1.8900001049041749,"y":1.9199998378753663,"z":-30.76799964904785},"rotation":{"x":0.34940531849861147,"y":0.5725119709968567,"z":-0.2937037944793701,"w":0.6810917258262634},"size":120.6810531616211,"orthographic":false}