{"cameraMode":{"drawMode":0,"name":"Shaded","section":"Shading Mode"},"sceneLighting":true,"audioPlay":false,"sceneViewState":{"showFog":true,"showMaterialUpdate":false,"showSkybox":true,"showFlares":true,"showImageEffects":true,"showParticleSystems":true},"in2DMode":false,"pivot":{"x":9.707569122314454,"y":20.931427001953126,"z":47.9818115234375},"rotation":{"x":0.2890322208404541,"y":0.06885112076997757,"z":-0.020846381783485414,"w":0.9546130895614624},"size":8.270697593688965,"orthographic":true}