{"cameraMode":{"drawMode":0,"name":"Shaded","section":"Shading Mode"},"sceneLighting":true,"audioPlay":false,"sceneViewState":{"showFog":true,"showMaterialUpdate":false,"showSkybox":true,"showFlares":true,"showImageEffects":true,"showParticleSystems":true},"in2DMode":false,"pivot":{"x":3.5951170921325685,"y":15.098358154296875,"z":63.623985290527347},"rotation":{"x":0.0248982235789299,"y":0.3864188492298126,"z":-0.010435989126563073,"w":0.9219300150871277},"size":27.457412719726564,"orthographic":true}