{"cameraMode":{"drawMode":0,"name":"Shaded","section":"Shading Mode"},"sceneLighting":true,"audioPlay":false,"sceneViewState":{"showFog":true,"showMaterialUpdate":false,"showSkybox":true,"showFlares":true,"showImageEffects":true,"showParticleSystems":true},"in2DMode":false,"pivot":{"x":3.4144210815429689,"y":16.4893856048584,"z":46.63948059082031},"rotation":{"x":-0.07300467789173126,"y":0.14074033498764039,"z":-0.010406853631138802,"w":-0.9872968792915344},"size":-0.8343450427055359,"orthographic":false}